{
    "count": [24, 14],
    "data": [
        [
            2174478.26, 883793.08, 5917286.73, 2370306.08, 8091764.99, 4045882.495, 1627049.58, 1989393.54,
            817756.22, 5501537.16, 2039952.64, 7490930.7, 3745465.35, 1428854.43
        ],
        [
            405767.14, 194123.92, 3156945.21, 1270431.27, 3562712.35, 1781356.175, 732277.595, 529670.6,
            219798.78, 7547821, 1441807.88, 8077491.6, 4038745.8, 830803.33
        ],
        [
            2580245.4,
            null,
            9074231.940000001,
            null,
            11654477.34,
            null,
            null,
            2519064.14,
            null,
            13049358.16,
            null,
            15568422.3,
            null,
            null
        ],
        [
            1290122.7,
            538958.5,
            4537115.970000001,
            1820368.675,
            null,
            2665711.735,
            1077112.175,
            1259532.07,
            518777.5,
            6524679.08,
            1740880.2599999998,
            null,
            3745465.35,
            1129782.0499999998
        ],
        [
            2008366.85, 754830.5, 4088621.31, 1350035.81, 6096988.16, 3048494.08, 1052433.155, 3467615.16,
            1160639.56, 6623534.92, 2612041.49, 10091150.08, 5045575.04, 1886340.5250000001
        ],
        [
            590536.1, 283569.17, 3053141.34, 1746096.06, 3643677.44, 1821838.72, 1014832.615, 547704.36,
            108422.01, 2567375.43, 841972.46, 3115079.79, 1557539.895, 475197.235
        ],
        [
            2598902.95,
            null,
            7141762.65,
            null,
            9740665.6,
            null,
            null,
            4015319.52,
            null,
            9190910.35,
            null,
            13206229.870000001,
            null,
            null
        ],
        [
            1299451.475,
            519199.83499999996,
            3570881.325,
            1548065.935,
            null,
            2530754.0949999997,
            1052433.155,
            2007659.76,
            634530.785,
            4595455.175,
            1727006.975,
            null,
            3017495.295,
            1001306.01
        ],
        [
            2610784.51, 989426.6, 6011398.61, 2305188, 8622183.120000001, 4311091.5600000005, 1647307.3,
            2935008.02, 1106550.62, 18472467, 2097915.19, 21407475.02, 10703737.51, 1602232.905
        ],
        [
            793939.81, 430585.96, 3135777.62, 1226965.38, 3929717.43, 1964858.715, 828775.6699999999,
            1929950.34, 223202.05, 2706868.95, 867705.82, 4636819.29, 2318409.645, 545453.9349999999
        ],
        [
            3404724.32,
            null,
            9147176.23,
            null,
            12551900.55,
            null,
            null,
            4864958.36,
            null,
            21179335.95,
            null,
            26044294.31,
            null,
            null
        ],
        [
            1702362.16,
            710006.28,
            4573588.115,
            1766076.69,
            null,
            2873281.065,
            1108195.99,
            2432479.18,
            664876.3350000001,
            10589667.975,
            1482810.505,
            null,
            2820938.4850000003,
            987128.22
        ],
        [
            1964931.93, 826188.69, 1060976.15, 389910.95, 3025908.08, 1512954.04, 608049.82, 361332.16,
            259178.39, 2476731.94, 1434946.69, 2838064.1, 1419032.05, 847062.54
        ],
        [
            268112.52, 167291.74, 877547.53, 510727.21, 1145660.05, 572830.025, 339009.475, 167554.65,
            148902.34, 864845.04, 236060.2, 1032399.6900000001, 516199.84500000003, 192481.27000000002
        ],
        [
            2233044.45,
            null,
            1938523.68,
            null,
            4171568.13,
            null,
            null,
            528886.8099999999,
            null,
            3341576.98,
            null,
            3870463.79,
            null,
            null
        ],
        [
            1116522.225,
            496740.21499999997,
            969261.84,
            450319.08,
            null,
            969261.84,
            450319.08,
            264443.40499999997,
            204040.365,
            1670788.49,
            835503.445,
            null,
            613088.6,
            247619.295
        ],
        [
            1827108.25, 229646.4, 1980712.38, 1150517.74, 3807820.63, 1903910.315, 690082.07, 536526.06,
            329035.25, 1418895.61, 583354.19, 1955421.6700000002, 977710.8350000001, 456194.72
        ],
        [
            120416.22, 87001.62, 1358755.87, 272152.06, 1479172.09, 739586.045, 179576.84, 180781.87,
            158881.03, 2102661.65, 563803.9, 2283443.52, 1141721.76, 361342.465
        ],
        [
            1947524.47,
            null,
            3339468.25,
            null,
            5286992.72,
            null,
            null,
            717307.93,
            null,
            3521557.26,
            null,
            4238865.1899999995,
            null,
            null
        ],
        [
            973762.235,
            158324.01,
            1669734.125,
            711334.9,
            null,
            1592932.06,
            250899.22999999998,
            358653.965,
            243958.14,
            1760778.63,
            573579.0449999999,
            null,
            977710.8350000001,
            446419.575
        ],
        [
            1374944.56, 550627.31, 2542872.97, 1109596.41, 3917817.5300000003, 1958908.7650000001, 830111.86,
            728206.16, 476598.4, 2332594.72, 676823.87, 3060800.8800000004, 1530400.4400000002, 576711.135
        ],
        [
            278916.58, 119311.53, 1330301.14, 398431.88, 1609217.72, 804608.86, 258871.70500000002, 225050.77,
            17398.48, 1478689.84, 271250.62, 1703740.61, 851870.305, 144324.55
        ],
        [
            1653861.1400000001,
            null,
            3873174.1100000003,
            null,
            5527035.25,
            null,
            null,
            953256.93,
            null,
            3811284.5600000005,
            null,
            4764541.49,
            null,
            null
        ],
        [
            826930.5700000001,
            334969.42000000004,
            1936587.0550000002,
            754014.145,
            null,
            1352622.85,
            474529.59500000003,
            476628.465,
            246998.44,
            1905642.2800000003,
            474037.245,
            null,
            1103448,
            373924.51
        ]
    ],
    "headerItems": [
        [
            [
                { "attributeHeaderItem": { "name": "CompuSci", "uri": "CompuSci" } },
                { "attributeHeaderItem": { "name": "CompuSci", "uri": "CompuSci" } },
                { "attributeHeaderItem": { "name": "CompuSci", "uri": "CompuSci" } },
                { "attributeHeaderItem": { "name": "CompuSci", "uri": "CompuSci" } },
                { "attributeHeaderItem": { "name": "Educationly", "uri": "Educationly" } },
                { "attributeHeaderItem": { "name": "Educationly", "uri": "Educationly" } },
                { "attributeHeaderItem": { "name": "Educationly", "uri": "Educationly" } },
                { "attributeHeaderItem": { "name": "Educationly", "uri": "Educationly" } },
                { "attributeHeaderItem": { "name": "Explorer", "uri": "Explorer" } },
                { "attributeHeaderItem": { "name": "Explorer", "uri": "Explorer" } },
                { "attributeHeaderItem": { "name": "Explorer", "uri": "Explorer" } },
                { "attributeHeaderItem": { "name": "Explorer", "uri": "Explorer" } },
                { "attributeHeaderItem": { "name": "Grammar Plus", "uri": "Grammar Plus" } },
                { "attributeHeaderItem": { "name": "Grammar Plus",