{
    "count": [24, 8],
    "data": [
        [2174478.26, 883793.08, 5917286.73, 2370306.08, 1989393.54, 817756.22, 5501537.16, 2039952.64],
        [405767.14, 194123.92, 3156945.21, 1270431.27, 529670.6, 219798.78, 7547821, 1441807.88],
        [2580245.4, null, 9074231.940000001, null, 2519064.14, null, 13049358.16, null],
        [
            1290122.7, 538958.5, 4537115.970000001, 1820368.675, 1259532.07, 518777.5, 6524679.08,
            1740880.2599999998
        ],
        [2008366.85, 754830.5, 4088621.31, 1350035.81, 3467615.16, 1160639.56, 6623534.92, 2612041.49],
        [590536.1, 283569.17, 3053141.34, 1746096.06, 547704.36, 108422.01, 2567375.43, 841972.46],
        [2598902.95, null, 7141762.65, null, 4015319.52, null, 9190910.35, null],
        [
            1299451.475, 519199.83499999996, 3570881.325, 1548065.935, 2007659.76, 634530.785, 4595455.175,
            1727006.975
        ],
        [2610784.51, 989426.6, 6011398.61, 2305188, 2935008.02, 1106550.62, 18472467, 2097915.19],
        [793939.81, 430585.96, 3135777.62, 1226965.38, 1929950.34, 223202.05, 2706868.95, 867705.82],
        [3404724.32, null, 9147176.23, null, 4864958.36, null, 21179335.95, null],
        [
            1702362.16, 710006.28, 4573588.115, 1766076.69, 2432479.18, 664876.3350000001, 10589667.975,
            1482810.505
        ],
        [1964931.93, 826188.69, 1060976.15, 389910.95, 361332.16, 259178.39, 2476731.94, 1434946.69],
        [268112.52, 167291.74, 877547.53, 510727.21, 167554.65, 148902.34, 864845.04, 236060.2],
        [2233044.45, null, 1938523.68, null, 528886.8099999999, null, 3341576.98, null],
        [
            1116522.225, 496740.21499999997, 969261.84, 450319.08, 264443.40499999997, 204040.365, 1670788.49,
            835503.445
        ],
        [1827108.25, 229646.4, 1980712.38, 1150517.74, 536526.06, 329035.25, 1418895.61, 583354.19],
        [120416.22, 87001.62, 1358755.87, 272152.06, 180781.87, 158881.03, 2102661.65, 563803.9],
        [1947524.47, null, 3339468.25, null, 717307.93, null, 3521557.26, null],
        [973762.235, 158324.01, 1669734.125, 711334.9, 358653.965, 243958.14, 1760778.63, 573579.0449999999],
        [1374944.56, 550627.31, 2542872.97, 1109596.41, 728206.16, 476598.4, 2332594.72, 676823.87],
        [278916.58, 119311.53, 1330301.14, 398431.88, 225050.77, 17398.48, 1478689.84, 271250.62],
        [1653861.1400000001, null, 3873174.1100000003, null, 953256.93, null, 3811284.5600000005, null],
        [
            826930.5700000001, 334969.42000000004, 1936587.0550000002, 754014.145, 476628.465, 246998.44,
            1905642.2800000003, 474037.245
        ]
    ],
    "headerItems": [
        [
            [
                { "attributeHeaderItem": { "name": "CompuSci", "uri": "CompuSci" } },
                { "attributeHeaderItem": { "name": "CompuSci", "uri": "CompuSci" } },
                { "attributeHeaderItem": { "name": "CompuSci", "uri": "CompuSci" } },
                { "attributeHeaderItem": { "name": "CompuSci", "uri": "CompuSci" } },
                { "attributeHeaderItem": { "name": "Educationly", "uri": "Educationly" } },
                { "attributeHeaderItem": { "name": "Educationly", "uri": "Educationly" } },
                { "attributeHeaderItem": { "name": "Educationly", "uri": "Educationly" } },
                { "attributeHeaderItem": { "name": "Educationly", "uri": "Educationly" } },
                { "attributeHeaderItem": { "name": "Explorer", "uri": "Explorer" } },
                { "attributeHeaderItem": { "name": "Explorer", "uri": "Explorer" } },
                { "attributeHeaderItem": { "name": "Explorer", "uri": "Explorer" } },
                { "attributeHeaderItem": { "name": "Explorer", "uri": "Explorer" } },
                { "attributeHeaderItem": { "name": "Grammar Plus", "uri": "Grammar Plus" } },
                { "attributeHeaderItem": { "name": "Grammar Plus", "uri": "Grammar Plus" } },
                { "attributeHeaderItem": { "name": "Grammar Plus", "uri": "Grammar Plus" } },
                { "attributeHeaderItem": { "name": "Grammar Plus", "uri": "Grammar Plus" } },
                { "attributeHeaderItem": { "name": "PhoenixSoft", "uri": "PhoenixSoft" } },
                { "attributeHeaderItem": { "name": "PhoenixSoft", "uri": "PhoenixSoft" } },
                { "attributeHeaderItem": { "name": "PhoenixSoft", "uri": "PhoenixSoft" } },
                { "attributeHeaderItem": { "name": "PhoenixSoft", "uri": "PhoenixSoft" } },
                { "attributeHeaderItem": { "name": "WonderKid", "uri": "WonderKid" } },
                { "attributeHeaderItem": { "name": "WonderKid", "uri": "WonderKid" } },
                { "attributeHeaderItem": { "name": "WonderKid", "uri": "WonderKid" } },
                { "attributeHeaderItem": { "name": "WonderKid", "uri": "WonderKid" } }
            ],
            [
                { "attributeHeaderItem": { "name": "Direct Sales", "uri": "Direct Sales" } },
                { "attributeHeaderItem": { "name": "Inside Sales", "uri": "Inside Sales" } },
                { "totalHeaderItem": { "name": "sum", "type": "SUM" } },
                { "totalHeaderItem": { "name": "med", "type": "MED" } },
                { "attributeHeaderItem": { "name": "Direct Sales", "uri": "Direct Sales" } },
                { "attributeHeaderItem": { "name": "Inside Sales", "uri": "Inside Sales" } },
                { "totalHeaderItem": { "name": "sum", "type": "SUM" } },
                { "totalHeaderItem": { "name": "med", "type": "MED" } },
                { "attributeHeaderItem": { "name": "Direct Sales", "uri": "Direct Sales" } },
                { "attributeHeaderItem": { "name": "Inside Sales", "uri": "Inside Sales" } },
                { "totalHeaderItem": { "name": "sum", "type": "SUM" } },
                { "totalHeaderItem": { "name": "med", "type": "MED" } },
                { "attributeHeaderItem": { "name": "Direct Sales", "uri": "Direct Sales" } },
                { "attributeHeaderItem": { "name": "Inside Sales", "uri": "Inside Sales" } },
                { "totalHeaderItem": { "name": "sum", "type": "SUM" } },
                { "totalHeaderItem": { "name": "med", "type": "MED" } },
                { "attributeHeaderItem": { "name": "Direct Sales", "uri": "Direct Sales" } },
                { "attributeHeaderItem": { "name": "Inside Sales", "uri": "Inside Sales" } },
                { "totalHeaderItem": { "name": "sum", "type": "SUM" } },
                { "totalHeaderItem": { "name": "med", "type": "MED" } },
                { "attributeHeaderItem": { "name": "Direct Sales", "uri": "Direct Sales" } },
                { "attributeHeaderItem": { "name": "Inside Sales", "uri": "Inside Sales" } },
                { "totalHeaderItem": { "name": "sum", "type": "SUM" } },
                { "totalHeaderItem": { "name": "med", "type": "MED" } }
            ]
        ],
        [
            [
                { "attributeHeaderItem": { "name": "Exclude", "uri": "Exclude" } },
                { "attributeHeaderItem": { "name": "Exclude", "uri": "Exclude" } },
                { "attributeHeaderItem": { "name": "Exclude", "uri": "Exclude" } },
                { "attributeHeaderItem": { "name": "Exclude", "uri": "Exclude" } },
                { "attributeHeaderItem": { "name": "Include", "uri": "Include" } },
                { "attributeHeaderItem": { "name": "Include", "uri": "Include" } },
                { "attributeHeaderItem": { "name": "Include", "uri": "Include" } },
                { "attributeHeaderItem": { "name": "Include", "uri": "Include" } }
            ],
            [
                { "attributeHeaderItem": { "name": "East Coast", "uri": "East Coast" } },
                { "attributeHeaderItem": { "name": "East Coast", "uri": "East Coast" } },
                { "attributeHeaderItem": { "name": "West Coast", "uri": "West Coast" } },
                { "attributeHeaderItem": { "name": "West Coast",