{
    "count": [42, 8],
    "data": [
        [2174478.26, 5917286.73, 8091764.99, 4045882.495, 1989393.54, 5501537.16, 7490930.7, 3745465.35],
        [883793.08, 2370306.08, null, 1627049.58, 817756.22, 2039952.64, null, 1428854.43],
        [405767.14, 3156945.21, 3562712.35, 1781356.175, 529670.6, 7547821, 8077491.6, 4038745.8],
        [194123.92, 1270431.27, null, 732277.595, 219798.78, 1441807.88, null, 830803.33],
        [2580245.4, 9074231.940000001, 11654477.34, null, 2519064.14, 13049358.16, 15568422.3, null],
        [1290122.7, 4537115.970000001, null, 2665711.735, 1259532.07, 6524679.08, null, 3745465.35],
        [538958.5, 1820368.675, null, 1077112.175, 518777.5, 1740880.2599999998, null, 1129782.0499999998],
        [2008366.85, 4088621.31, 6096988.16, 3048494.08, 3467615.16, 6623534.92, 10091150.08, 5045575.04],
        [754830.5, 1350035.81, null, 1052433.155, 1160639.56, 2612041.49, null, 1886340.5250000001],
        [590536.1, 3053141.34, 3643677.44, 1821838.72, 547704.36, 2567375.43, 3115079.79, 1557539.895],
        [283569.17, 1746096.06, null, 1014832.615, 108422.01, 841972.46, null, 475197.235],
        [2598902.95, 7141762.65, 9740665.6, null, 4015319.52, 9190910.35, 13206229.87, null],
        [1299451.475, 3570881.325, null, 2530754.0949999997, 2007659.76, 4595455.175, null, 3017495.295],
        [519199.83499999996, 1548065.935, null, 1052433.155, 634530.785, 1727006.975, null, 1001306.01],
        [
            2610784.51, 6011398.61, 8622183.120000001, 4311091.5600000005, 2935008.02, 18472467, 21407475.02,
            10703737.51
        ],
        [989426.6, 2305188, null, 1647307.3, 1106550.62, 2097915.19, null, 1602232.905],
        [793939.81, 3135777.62, 3929717.43, 1964858.715, 1929950.34, 2706868.95, 4636819.29, 2318409.645],
        [430585.96, 1226965.38, null, 828775.6699999999, 223202.05, 867705.82, null, 545453.9349999999],
        [3404724.32, 9147176.23, 12551900.55, null, 4864958.36, 21179335.95, 26044294.31, null],
        [1702362.16, 4573588.115, null, 2873281.065, 2432479.18, 10589667.975, null, 2820938.4850000003],
        [710006.28, 1766076.69, null, 1108195.99, 664876.3350000001, 1482810.505, null, 987128.22],
        [1964931.93, 1060976.15, 3025908.08, 1512954.04, 361332.16, 2476731.94, 2838064.1, 1419032.05],
        [826188.69, 389910.95, null, 608049.82, 259178.39, 1434946.69, null, 847062.54],
        [
            268112.52, 877547.53, 1145660.05, 572830.025, 167554.65, 864845.04, 1032399.6900000001,
            516199.84500000003
        ],
        [167291.74, 510727.21, null, 339009.475, 148902.34, 236060.2, null, 192481.27000000002],
        [2233044.45, 1938523.68, 4171568.13, null, 528886.8099999999, 3341576.98, 3870463.79, null],
        [1116522.225, 969261.84, null, 969261.84, 264443.40499999997, 1670788.49, null, 613088.6],
        [496740.21499999997, 450319.08, null, 450319.08, 204040.365, 835503.445, null, 247619.295],
        [
            1827108.25, 1980712.38, 3807820.63, 1903910.315, 536526.06, 1418895.61, 1955421.6700000002,
            977710.8350000001
        ],
        [229646.4, 1150517.74, null, 690082.07, 329035.25, 583354.19, null, 456194.72],
        [120416.22, 1358755.87, 1479172.09, 739586.045, 180781.87, 2102661.65, 2283443.52, 1141721.76],
        [87001.62, 272152.06, null, 179576.84, 158881.03, 563803.9, null, 361342.465],
        [1947524.47, 3339468.25, 5286992.72, null, 717307.93, 3521557.26, 4238865.19, null],
        [973762.235, 1669734.125, null, 1592932.06, 358653.965, 1760778.63, null, 977710.8350000001],
        [158324.01, 711334.9, null, 250899.22999999998, 243958.14, 573579.0449999999, null, 446419.575],
        [
            1374944.56, 2542872.97, 3917817.5300000003, 1958908.7650000001, 728206.16, 2332594.72,
            3060800.8800000004, 1530400.4400000002
        ],
        [550627.31, 1109596.41, null, 830111.86, 476598.4, 676823.87, null, 576711.135],
        [278916.58, 1330301.14, 1609217.72, 804608.86, 225050.77, 1478689.84, 1703740.61, 851870.305],
        [119311.53, 398431.88, null, 258871.70500000002, 17398.48, 271250.62, null, 144324.55],
        [
            1653861.1400000001,
            3873174.1100000003,
            5527035.25,
            null,
            953256.93,
            3811284.5600000005,
            4764541.49,
            null
        ],
        [
            826930.5700000001,
            1936587.0550000002,
            null,
            1352622.85,
            476628.465,
            1905642.2800000003,
            null,
            1103448
        ],
        [334969.42000000004, 754014.145, null, 474529.59500000003, 246998.44, 474037.245, null, 373924.51]
    ],
    "headerItems": [
        [
            [
                { "attributeHeaderItem": { "name": "CompuSci", "uri": "CompuSci" } },
                { "attributeHeaderItem": { "name": "CompuSci", "uri": "CompuSci" } },
                { "attributeHeaderItem": { "name": "CompuSci", "uri": "CompuSci" } },
                { "attributeHeaderItem": { "name": "CompuSci", "uri": "CompuSci" } },
                { "attributeHeaderItem": { "name": "CompuSci", "uri": "CompuSci" } },
                { "attributeHeaderItem": { "name": "CompuSci", "uri": "CompuSci" } },
                { "attributeHeaderItem": { "name": "CompuSci", "uri": "CompuSci" } },
                { "attributeHeaderItem": { "name": "Educationly", "uri": "Educationly" } },
                { "attributeHeaderItem": { "name": "Educationly", "uri": "Educationly" } },
                { "attributeHeaderItem": { "name": "Educationly", "uri": "Educationly" } },
                { "attributeHeaderItem": { "name": "Educationly", "uri": "Educationly" } },
                { "attributeHeaderItem": { "name": "Educationly", "uri": "Educationly" } },
                { "attributeHeaderItem": { "name": "Educationly", "uri": "Educationly" } },
                { "attributeHeaderItem": { "name": "Educationly", "uri": "Educationly" } },
                { "attributeHeaderItem": { "name": "Explorer", "uri": "Explorer" } },
                { "attributeHeaderItem": { "name": "Explorer", "uri": "Explorer" } },
                { "attributeHeaderItem": { "name": "Explorer", "uri": "Explorer" } },
                { "attributeHeaderItem": { "name": "Explorer", "uri": "Explorer" } },
                { "attributeHeaderItem": { "name": "Explorer", "uri": "Explorer" } },
                { "attributeHeaderItem": { "name": "Explorer", "uri": "Explorer" } },
                { "attributeHeaderItem": { "name": "Explorer", "uri": "Explorer" } },
                { "attributeHeaderItem": { "name": "Grammar Plus", "uri": "Grammar Plus" } },
                { "attributeHeaderItem": { "name": "Grammar Plus", "uri": "Grammar Plus" } },
                { "attributeHeaderItem": { "name": "Grammar Plus", "uri": "Grammar Plus" } },
                { "attributeHeaderItem": { "name": "Grammar Plus", "uri": "Grammar Plus" } },
                { "attributeHeaderItem": { "name": "Grammar Plus", "uri": "Grammar Plus" } },
                { "attributeHeaderItem": { "name": "Grammar Plus", "uri": "Grammar Plus" } },
                { "attributeHeaderItem": { "name": "Grammar Plus", "uri": "Grammar Plus" } },
                { "attributeHeaderItem": { "name": "PhoenixSoft", "uri": "PhoenixSoft" } },
                { "attributeHeaderItem": { "name": "PhoenixSoft", "uri": "PhoenixSoft" } },
                { "attributeHeaderItem": { "name": "PhoenixSoft", "uri": "PhoenixSoft" } },
                { "attributeHeaderItem": { "name": "PhoenixSoft", "uri": "PhoenixSoft" } },
                { "attributeHeaderItem": { "name": "PhoenixSoft", "uri": "PhoenixSoft" } },
                { "attributeHeaderItem": { "name": "PhoenixSoft", "uri": "PhoenixSoft" } },
                { "attributeHeaderItem": { "name": "PhoenixSoft", "uri": "PhoenixSoft" } },
                { "attributeHeaderItem": { "name": "WonderKid",